sample1	12345678	25d55ad283aa400af464c76d713c07ad
sample2	12345678	25d55ad283aa400af464c76d713c07ad
sample3	12345678	25d55ad283aa400af464c76d713c07ad
sample4	12345678	25d55ad283aa400af464c76d713c07ad
sample5	12345678	25d55ad283aa400af464c76d713c07ad
sample6	12345678	25d55ad283aa400af464c76d713c07ad
sample7	12345678	25d55ad283aa400af464c76d713c07ad
sample8	12345678	25d55ad283aa400af464c76d713c07ad
sample9	12345678	25d55ad283aa400af464c76d713c07ad
sample10	12345678	25d55ad283aa400af464c76d713c07ad
sample11	12345678	25d55ad283aa400af464c76d713c07ad
sample12	12345678	25d55ad283aa400af464c76d713c07ad
sample13	12345678	25d55ad283aa400af464c76d713c07ad
sample14	12345678	25d55ad283aa400af464c76d713c07ad
sample15	12345678	25d55ad283aa400af464c76d713c07ad
sample16	12345678	25d55ad283aa400af464c76d713c07ad
sample17	12345678	25d55ad283aa400af464c76d713c07ad
sample18	12345678	25d55ad283aa400af464c76d713c07ad
sample19	12345678	25d55ad283aa400af464c76d713c07ad
sample20	12345678	25d55ad283aa400af464c76d713c07ad
sample21	12345678	25d55ad283aa400af464c76d713c07ad
sample22	12345678	25d55ad283aa400af464c76d713c07ad
sample23	12345678	25d55ad283aa400af464c76d713c07ad
sample24	12345678	25d55ad283aa400af464c76d713c07ad
sample25	12345678	25d55ad283aa400af464c76d713c07ad
sample26	12345678	25d55ad283aa400af464c76d713c07ad
sample27	12345678	25d55ad283aa400af464c76d713c07ad
sample28	12345678	25d55ad283aa400af464c76d713c07ad
sample29	12345678	25d55ad283aa400af464c76d713c07ad
sample30	12345678	25d55ad283aa400af464c76d713c07ad
sample31	12345678	25d55ad283aa400af464c76d713c07ad
sample32	12345678	25d55ad283aa400af464c76d713c07ad
sample33	12345678	25d55ad283aa400af464c76d713c07ad
sample34	12345678	25d55ad283aa400af464c76d713c07ad
sample35	12345678	25d55ad283aa400af464c76d713c07ad
sample36	12345678	25d55ad283aa400af464c76d713c07ad
sample37	12345678	25d55ad283aa400af464c76d713c07ad
sample38	12345678	25d55ad283aa400af464c76d713c07ad
sample39	12345678	25d55ad283aa400af464c76d713c07ad
sample40	12345678	25d55ad283aa400af464c76d713c07ad
sample41	12345678	25d55ad283aa400af464c76d713c07ad
sample42	12345678	25d55ad283aa400af464c76d713c07ad
sample43	12345678	25d55ad283aa400af464c76d713c07ad
sample44	12345678	25d55ad283aa400af464c76d713c07ad
sample45	12345678	25d55ad283aa400af464c76d713c07ad
sample46	12345678	25d55ad283aa400af464c76d713c07ad
sample47	12345678	25d55ad283aa400af464c76d713c07ad
sample48	12345678	25d55ad283aa400af464c76d713c07ad
sample49	12345678	25d55ad283aa400af464c76d713c07ad
sample50	12345678	25d55ad283aa400af464c76d713c07ad
sample51	12345678	25d55ad283aa400af464c76d713c07ad
sample52	12345678	25d55ad283aa400af464c76d713c07ad
sample53	12345678	25d55ad283aa400af464c76d713c07ad
sample54	12345678	25d55ad283aa400af464c76d713c07ad
sample55	12345678	25d55ad283aa400af464c76d713c07ad
sample56	12345678	25d55ad283aa400af464c76d713c07ad
sample57	12345678	25d55ad283aa400af464c76d713c07ad
sample58	12345678	25d55ad283aa400af464c76d713c07ad
sample59	12345678	25d55ad283aa400af464c76d713c07ad
sample60	12345678	25d55ad283aa400af464c76d713c07ad
sample61	12345678	25d55ad283aa400af464c76d713c07ad
sample62	12345678	25d55ad283aa400af464c76d713c07ad
sample63	12345678	25d55ad283aa400af464c76d713c07ad
sample64	12345678	25d55ad283aa400af464c76d713c07ad
sample65	12345678	25d55ad283aa400af464c76d713c07ad
sample66	12345678	25d55ad283aa400af464c76d713c07ad
sample67	12345678	25d55ad283aa400af464c76d713c07ad
sample68	12345678	25d55ad283aa400af464c76d713c07ad
sample69	12345678	25d55ad283aa400af464c76d713c07ad
sample70	12345678	25d55ad283aa400af464c76d713c07ad
sample71	12345678	25d55ad283aa400af464c76d713c07ad
sample72	12345678	25d55ad283aa400af464c76d713c07ad
sample73	12345678	25d55ad283aa400af464c76d713c07ad
sample74	12345678	25d55ad283aa400af464c76d713c07ad
sample75	12345678	25d55ad283aa400af464c76d713c07ad
sample76	12345678	25d55ad283aa400af464c76d713c07ad
sample77	12345678	25d55ad283aa400af464c76d713c07ad
sample78	12345678	25d55ad283aa400af464c76d713c07ad
sample79	12345678	25d55ad283aa400af464c76d713c07ad
sample80	12345678	25d55ad283aa400af464c76d713c07ad
sample81	12345678	25d55ad283aa400af464c76d713c07ad
sample82	12345678	25d55ad283aa400af464c76d713c07ad
sample83	12345678	25d55ad283aa400af464c76d713c07ad
sample84	12345678	25d55ad283aa400af464c76d713c07ad
sample85	12345678	25d55ad283aa400af464c76d713c07ad
sample86	12345678	25d55ad283aa400af464c76d713c07ad
sample87	12345678	25d55ad283aa400af464c76d713c07ad
sample88	12345678	25d55ad283aa400af464c76d713c07ad
sample89	12345678	25d55ad283aa400af464c76d713c07ad
sample90	12345678	25d55ad283aa400af464c76d713c07ad
sample91	12345678	25d55ad283aa400af464c76d713c07ad
sample92	12345678	25d55ad283aa400af464c76d713c07ad
sample93	12345678	25d55ad283aa400af464c76d713c07ad
sample94	12345678	25d55ad283aa400af464c76d713c07ad
sample95	12345678	25d55ad283aa400af464c76d713c07ad
sample96	12345678	25d55ad283aa400af464c76d713c07ad
sample97	12345678	25d55ad283aa400af464c76d713c07ad
sample98	12345678	25d55ad283aa400af464c76d713c07ad
sample99	12345678	25d55ad283aa400af464c76d713c07ad
sample100	12345678	25d55ad283aa400af464c76d713c07ad
sample101	12345678	25d55ad283aa400af464c76d713c07ad
sample102	12345678	25d55ad283aa400af464c76d713c07ad
sample103	12345678	25d55ad283aa400af464c76d713c07ad
sample104	12345678	25d55ad283aa400af464c76d713c07ad
sample105	12345678	25d55ad283aa400af464c76d713c07ad
sample106	12345678	25d55ad283aa400af464c76d713c07ad
sample107	12345678	25d55ad283aa400af464c76d713c07ad
sample108	12345678	25d55ad283aa400af464c76d713c07ad
sample109	12345678	25d55ad283aa400af464c76d713c07ad
sample110	12345678	25d55ad283aa400af464c76d713c07ad
sample111	12345678	25d55ad283aa400af464c76d713c07ad
sample112	12345678	25d55ad283aa400af464c76d713c07ad
sample113	12345678	25d55ad283aa400af464c76d713c07ad
sample114	12345678	25d55ad283aa400af464c76d713c07ad
sample115	12345678	25d55ad283aa400af464c76d713c07ad
sample116	12345678	25d55ad283aa400af464c76d713c07ad
sample117	12345678	25d55ad283aa400af464c76d713c07ad
sample118	12345678	25d55ad283aa400af464c76d713c07ad
sample119	12345678	25d55ad283aa400af464c76d713c07ad
sample120	12345678	25d55ad283aa400af464c76d713c07ad
sample121	12345678	25d55ad283aa400af464c76d713c07ad
sample122	12345678	25d55ad283aa400af464c76d713c07ad
sample123	12345678	25d55ad283aa400af464c76d713c07ad
sample124	12345678	25d55ad283aa400af464c76d713c07ad
sample125	12345678	25d55ad283aa400af464c76d713c07ad
sample126	12345678	25d55ad283aa400af464c76d713c07ad
sample127	12345678	25d55ad283aa400af464c76d713c07ad
sample128	12345678	25d55ad283aa400af464c76d713c07ad
sample129	12345678	25d55ad283aa400af464c76d713c07ad
sample130	12345678	25d55ad283aa400af464c76d713c07ad
sample131	12345678	25d55ad283aa400af464c76d713c07ad
sample132	12345678	25d55ad283aa400af464c76d713c07ad
sample133	12345678	25d55ad283aa400af464c76d713c07ad
sample134	12345678	25d55ad283aa400af464c76d713c07ad
sample135	12345678	25d55ad283aa400af464c76d713c07ad
sample136	12345678	25d55ad283aa400af464c76d713c07ad
sample137	12345678	25d55ad283aa400af464c76d713c07ad
sample138	12345678	25d55ad283aa400af464c76d713c07ad
sample139	12345678	25d55ad283aa400af464c76d713c07ad
sample140	12345678	25d55ad283aa400af464c76d713c07ad
sample141	12345678	25d55ad283aa400af464c76d713c07ad
sample142	12345678	25d55ad283aa400af464c76d713c07ad
sample143	12345678	25d55ad283aa400af464c76d713c07ad
sample144	12345678	25d55ad283aa400af464c76d713c07ad
sample145	12345678	25d55ad283aa400af464c76d713c07ad
sample146	12345678	25d55ad283aa400af464c76d713c07ad
sample147	12345678	25d55ad283aa400af464c76d713c07ad
sample148	12345678	25d55ad283aa400af464c76d713c07ad
sample149	12345678	25d55ad283aa400af464c76d713c07ad
sample150	12345678	25d55ad283aa400af464c76d713c07ad
sample151	12345678	25d55ad283aa400af464c76d713c07ad
sample152	12345678	25d55ad283aa400af464c76d713c07ad
sample153	12345678	25d55ad283aa400af464c76d713c07ad
sample154	12345678	25d55ad283aa400af464c76d713c07ad
sample155	12345678	25d55ad283aa400af464c76d713c07ad
sample156	12345678	25d55ad283aa400af464c76d713c07ad
sample157	12345678	25d55ad283aa400af464c76d713c07ad
sample158	12345678	25d55ad283aa400af464c76d713c07ad
sample159	12345678	25d55ad283aa400af464c76d713c07ad
sample160	12345678	25d55ad283aa400af464c76d713c07ad
sample161	12345678	25d55ad283aa400af464c76d713c07ad
sample162	12345678	25d55ad283aa400af464c76d713c07ad
sample163	12345678	25d55ad283aa400af464c76d713c07ad
sample164	12345678	25d55ad283aa400af464c76d713c07ad
sample165	12345678	25d55ad283aa400af464c76d713c07ad
sample166	12345678	25d55ad283aa400af464c76d713c07ad
sample167	12345678	25d55ad283aa400af464c76d713c07ad
sample168	12345678	25d55ad283aa400af464c76d713c07ad
sample169	12345678	25d55ad283aa400af464c76d713c07ad
sample170	12345678	25d55ad283aa400af464c76d713c07ad
sample171	12345678	25d55ad283aa400af464c76d713c07ad
sample172	12345678	25d55ad283aa400af464c76d713c07ad
sample173	12345678	25d55ad283aa400af464c76d713c07ad
sample174	12345678	25d55ad283aa400af464c76d713c07ad
sample175	12345678	25d55ad283aa400af464c76d713c07ad
sample176	12345678	25d55ad283aa400af464c76d713c07ad
sample177	12345678	25d55ad283aa400af464c76d713c07ad
sample178	12345678	25d55ad283aa400af464c76d713c07ad
sample179	12345678	25d55ad283aa400af464c76d713c07ad
sample180	12345678	25d55ad283aa400af464c76d713c07ad
sample181	12345678	25d55ad283aa400af464c76d713c07ad
sample182	12345678	25d55ad283aa400af464c76d713c07ad
sample183	12345678	25d55ad283aa400af464c76d713c07ad
sample184	12345678	25d55ad283aa400af464c76d713c07ad
sample185	12345678	25d55ad283aa400af464c76d713c07ad
sample186	12345678	25d55ad283aa400af464c76d713c07ad
sample187	12345678	25d55ad283aa400af464c76d713c07ad
sample188	12345678	25d55ad283aa400af464c76d713c07ad
sample189	12345678	25d55ad283aa400af464c76d713c07ad
sample190	12345678	25d55ad283aa400af464c76d713c07ad
sample191	12345678	25d55ad283aa400af464c76d713c07ad
sample192	12345678	25d55ad283aa400af464c76d713c07ad
sample193	12345678	25d55ad283aa400af464c76d713c07ad
sample194	12345678	25d55ad283aa400af464c76d713c07ad
sample195	12345678	25d55ad283aa400af464c76d713c07ad
sample196	12345678	25d55ad283aa400af464c76d713c07ad
sample197	12345678	25d55ad283aa400af464c76d713c07ad
sample198	12345678	25d55ad283aa400af464c76d713c07ad
sample199	12345678	25d55ad283aa400af464c76d713c07ad
sample200	12345678	25d55ad283aa400af464c76d713c07ad
sample201	12345678	25d55ad283aa400af464c76d713c07ad
sample202	12345678	25d55ad283aa400af464c76d713c07ad
sample203	12345678	25d55ad283aa400af464c76d713c07ad
sample204	12345678	25d55ad283aa400af464c76d713c07ad
sample205	12345678	25d55ad283aa400af464c76d713c07ad
sample206	12345678	25d55ad283aa400af464c76d713c07ad
sample207	12345678	25d55ad283aa400af464c76d713c07ad
sample208	12345678	25d55ad283aa400af464c76d713c07ad
sample209	12345678	25d55ad283aa400af464c76d713c07ad
sample210	12345678	25d55ad283aa400af464c76d713c07ad
sample211	12345678	25d55ad283aa400af464c76d713c07ad
sample212	12345678	25d55ad283aa400af464c76d713c07ad
sample213	12345678	25d55ad283aa400af464c76d713c07ad
sample214	12345678	25d55ad283aa400af464c76d713c07ad
sample215	12345678	25d55ad283aa400af464c76d713c07ad
sample216	12345678	25d55ad283aa400af464c76d713c07ad
sample217	12345678	25d55ad283aa400af464c76d713c07ad
sample218	12345678	25d55ad283aa400af464c76d713c07ad
sample219	12345678	25d55ad283aa400af464c76d713c07ad
sample220	12345678	25d55ad283aa400af464c76d713c07ad
sample221	12345678	25d55ad283aa400af464c76d713c07ad
sample222	12345678	25d55ad283aa400af464c76d713c07ad
sample223	12345678	25d55ad283aa400af464c76d713c07ad
sample224	12345678	25d55ad283aa400af464c76d713c07ad
sample225	12345678	25d55ad283aa400af464c76d713c07ad
sample226	12345678	25d55ad283aa400af464c76d713c07ad
sample227	12345678	25d55ad283aa400af464c76d713c07ad
sample228	12345678	25d55ad283aa400af464c76d713c07ad
sample229	12345678	25d55ad283aa400af464c76d713c07ad
sample230	12345678	25d55ad283aa400af464c76d713c07ad
sample231	12345678	25d55ad283aa400af464c76d713c07ad
sample232	12345678	25d55ad283aa400af464c76d713c07ad
sample233	12345678	25d55ad283aa400af464c76d713c07ad
sample234	12345678	25d55ad283aa400af464c76d713c07ad
sample235	12345678	25d55ad283aa400af464c76d713c07ad
sample236	12345678	25d55ad283aa400af464c76d713c07ad
sample237	12345678	25d55ad283aa400af464c76d713c07ad
sample238	12345678	25d55ad283aa400af464c76d713c07ad
sample239	12345678	25d55ad283aa400af464c76d713c07ad
sample240	12345678	25d55ad283aa400af464c76d713c07ad
sample241	12345678	25d55ad283aa400af464c76d713c07ad
sample242	12345678	25d55ad283aa400af464c76d713c07ad
sample243	12345678	25d55ad283aa400af464c76d713c07ad
sample244	12345678	25d55ad283aa400af464c76d713c07ad
sample245	12345678	25d55ad283aa400af464c76d713c07ad
sample246	12345678	25d55ad283aa400af464c76d713c07ad
sample247	12345678	25d55ad283aa400af464c76d713c07ad
sample248	12345678	25d55ad283aa400af464c76d713c07ad
sample249	12345678	25d55ad283aa400af464c76d713c07ad
sample250	12345678	25d55ad283aa400af464c76d713c07ad
sample251	12345678	25d55ad283aa400af464c76d713c07ad
sample252	12345678	25d55ad283aa400af464c76d713c07ad
sample253	12345678	25d55ad283aa400af464c76d713c07ad
sample254	12345678	25d55ad283aa400af464c76d713c07ad
sample255	12345678	25d55ad283aa400af464c76d713c07ad
sample256	12345678	25d55ad283aa400af464c76d713c07ad
sample257	12345678	25d55ad283aa400af464c76d713c07ad
sample258	12345678	25d55ad283aa400af464c76d713c07ad
sample259	12345678	25d55ad283aa400af464c76d713c07ad
sample260	12345678	25d55ad283aa400af464c76d713c07ad
sample261	12345678	25d55ad283aa400af464c76d713c07ad
sample262	12345678	25d55ad283aa400af464c76d713c07ad
sample263	12345678	25d55ad283aa400af464c76d713c07ad
sample264	12345678	25d55ad283aa400af464c76d713c07ad
sample265	12345678	25d55ad283aa400af464c76d713c07ad
sample266	12345678	25d55ad283aa400af464c76d713c07ad
sample267	12345678	25d55ad283aa400af464c76d713c07ad
sample268	12345678	25d55ad283aa400af464c76d713c07ad
sample269	12345678	25d55ad283aa400af464c76d713c07ad
sample270	12345678	25d55ad283aa400af464c76d713c07ad
sample271	12345678	25d55ad283aa400af464c76d713c07ad
sample272	12345678	25d55ad283aa400af464c76d713c07ad
sample273	12345678	25d55ad283aa400af464c76d713c07ad
sample274	12345678	25d55ad283aa400af464c76d713c07ad
sample275	12345678	25d55ad283aa400af464c76d713c07ad
sample276	12345678	25d55ad283aa400af464c76d713c07ad
sample277	12345678	25d55ad283aa400af464c76d713c07ad
sample278	12345678	25d55ad283aa400af464c76d713c07ad
sample279	12345678	25d55ad283aa400af464c76d713c07ad
sample280	12345678	25d55ad283aa400af464c76d713c07ad
sample281	12345678	25d55ad283aa400af464c76d713c07ad
sample282	12345678	25d55ad283aa400af464c76d713c07ad
sample283	12345678	25d55ad283aa400af464c76d713c07ad
sample284	12345678	25d55ad283aa400af464c76d713c07ad
sample285	12345678	25d55ad283aa400af464c76d713c07ad
sample286	12345678	25d55ad283aa400af464c76d713c07ad
sample287	12345678	25d55ad283aa400af464c76d713c07ad
sample288	12345678	25d55ad283aa400af464c76d713c07ad
sample289	12345678	25d55ad283aa400af464c76d713c07ad
sample290	12345678	25d55ad283aa400af464c76d713c07ad
sample291	12345678	25d55ad283aa400af464c76d713c07ad
sample292	12345678	25d55ad283aa400af464c76d713c07ad
sample293	12345678	25d55ad283aa400af464c76d713c07ad
sample294	12345678	25d55ad283aa400af464c76d713c07ad
sample295	12345678	25d55ad283aa400af464c76d713c07ad
sample296	12345678	25d55ad283aa400af464c76d713c07ad
sample297	12345678	25d55ad283aa400af464c76d713c07ad
sample298	12345678	25d55ad283aa400af464c76d713c07ad
sample299	12345678	25d55ad283aa400af464c76d713c07ad
sample300	12345678	25d55ad283aa400af464c76d713c07ad
sample301	12345678	25d55ad283aa400af464c76d713c07ad
sample302	12345678	25d55ad283aa400af464c76d713c07ad
sample303	12345678	25d55ad283aa400af464c76d713c07ad
sample304	12345678	25d55ad283aa400af464c76d713c07ad
sample305	12345678	25d55ad283aa400af464c76d713c07ad
sample306	12345678	25d55ad283aa400af464c76d713c07ad
sample307	12345678	25d55ad283aa400af464c76d713c07ad
sample308	12345678	25d55ad283aa400af464c76d713c07ad
sample309	12345678	25d55ad283aa400af464c76d713c07ad
sample310	12345678	25d55ad283aa400af464c76d713c07ad
sample311	12345678	25d55ad283aa400af464c76d713c07ad
sample312	12345678	25d55ad283aa400af464c76d713c07ad
sample313	12345678	25d55ad283aa400af464c76d713c07ad
sample314	12345678	25d55ad283aa400af464c76d713c07ad
sample315	12345678	25d55ad283aa400af464c76d713c07ad
sample316	12345678	25d55ad283aa400af464c76d713c07ad
sample317	12345678	25d55ad283aa400af464c76d713c07ad
sample318	12345678	25d55ad283aa400af464c76d713c07ad
sample319	12345678	25d55ad283aa400af464c76d713c07ad
sample320	12345678	25d55ad283aa400af464c76d713c07ad
sample321	12345678	25d55ad283aa400af464c76d713c07ad
sample322	12345678	25d55ad283aa400af464c76d713c07ad
sample323	12345678	25d55ad283aa400af464c76d713c07ad
sample324	12345678	25d55ad283aa400af464c76d713c07ad
sample325	12345678	25d55ad283aa400af464c76d713c07ad
sample326	12345678	25d55ad283aa400af464c76d713c07ad
sample327	12345678	25d55ad283aa400af464c76d713c07ad
sample328	12345678	25d55ad283aa400af464c76d713c07ad
sample329	12345678	25d55ad283aa400af464c76d713c07ad
sample330	12345678	25d55ad283aa400af464c76d713c07ad
sample331	12345678	25d55ad283aa400af464c76d713c07ad
sample332	12345678	25d55ad283aa400af464c76d713c07ad
sample333	12345678	25d55ad283aa400af464c76d713c07ad
sample334	12345678	25d55ad283aa400af464c76d713c07ad
sample335	12345678	25d55ad283aa400af464c76d713c07ad
sample336	12345678	25d55ad283aa400af464c76d713c07ad
sample337	12345678	25d55ad283aa400af464c76d713c07ad
sample338	12345678	25d55ad283aa400af464c76d713c07ad
sample339	12345678	25d55ad283aa400af464c76d713c07ad
sample340	12345678	25d55ad283aa400af464c76d713c07ad
sample341	12345678	25d55ad283aa400af464c76d713c07ad
sample342	12345678	25d55ad283aa400af464c76d713c07ad
sample343	12345678	25d55ad283aa400af464c76d713c07ad
sample344	12345678	25d55ad283aa400af464c76d713c07ad
sample345	12345678	25d55ad283aa400af464c76d713c07ad
sample346	12345678	25d55ad283aa400af464c76d713c07ad
sample347	12345678	25d55ad283aa400af464c76d713c07ad
sample348	12345678	25d55ad283aa400af464c76d713c07ad
sample349	12345678	25d55ad283aa400af464c76d713c07ad
sample350	12345678	25d55ad283aa400af464c76d713c07ad
sample351	12345678	25d55ad283aa400af464c76d713c07ad
sample352	12345678	25d55ad283aa400af464c76d713c07ad
sample353	12345678	25d55ad283aa400af464c76d713c07ad
sample354	12345678	25d55ad283aa400af464c76d713c07ad
sample355	12345678	25d55ad283aa400af464c76d713c07ad
sample356	12345678	25d55ad283aa400af464c76d713c07ad
sample357	12345678	25d55ad283aa400af464c76d713c07ad
sample358	12345678	25d55ad283aa400af464c76d713c07ad
sample359	12345678	25d55ad283aa400af464c76d713c07ad
sample360	12345678	25d55ad283aa400af464c76d713c07ad
sample361	12345678	25d55ad283aa400af464c76d713c07ad
sample362	12345678	25d55ad283aa400af464c76d713c07ad
sample363	12345678	25d55ad283aa400af464c76d713c07ad
sample364	12345678	25d55ad283aa400af464c76d713c07ad
sample365	12345678	25d55ad283aa400af464c76d713c07ad
sample366	12345678	25d55ad283aa400af464c76d713c07ad
sample367	12345678	25d55ad283aa400af464c76d713c07ad
sample368	12345678	25d55ad283aa400af464c76d713c07ad
sample369	12345678	25d55ad283aa400af464c76d713c07ad
sample370	12345678	25d55ad283aa400af464c76d713c07ad
sample371	12345678	25d55ad283aa400af464c76d713c07ad
sample372	12345678	25d55ad283aa400af464c76d713c07ad
sample373	12345678	25d55ad283aa400af464c76d713c07ad
sample374	12345678	25d55ad283aa400af464c76d713c07ad
sample375	12345678	25d55ad283aa400af464c76d713c07ad
sample376	12345678	25d55ad283aa400af464c76d713c07ad
sample377	12345678	25d55ad283aa400af464c76d713c07ad
sample378	12345678	25d55ad283aa400af464c76d713c07ad
sample379	12345678	25d55ad283aa400af464c76d713c07ad
sample380	12345678	25d55ad283aa400af464c76d713c07ad
sample381	12345678	25d55ad283aa400af464c76d713c07ad
sample382	12345678	25d55ad283aa400af464c76d713c07ad
sample383	12345678	25d55ad283aa400af464c76d713c07ad
sample384	12345678	25d55ad283aa400af464c76d713c07ad
sample385	12345678	25d55ad283aa400af464c76d713c07ad
sample386	12345678	25d55ad283aa400af464c76d713c07ad
sample387	12345678	25d55ad283aa400af464c76d713c07ad
sample388	12345678	25d55ad283aa400af464c76d713c07ad
sample389	12345678	25d55ad283aa400af464c76d713c07ad
sample390	12345678	25d55ad283aa400af464c76d713c07ad
sample391	12345678	25d55ad283aa400af464c76d713c07ad
sample392	12345678	25d55ad283aa400af464c76d713c07ad
sample393	12345678	25d55ad283aa400af464c76d713c07ad
sample394	12345678	25d55ad283aa400af464c76d713c07ad
sample395	12345678	25d55ad283aa400af464c76d713c07ad
sample396	12345678	25d55ad283aa400af464c76d713c07ad
sample397	12345678	25d55ad283aa400af464c76d713c07ad
sample398	12345678	25d55ad283aa400af464c76d713c07ad
sample399	12345678	25d55ad283aa400af464c76d713c07ad
sample400	12345678	25d55ad283aa400af464c76d713c07ad
sample401	12345678	25d55ad283aa400af464c76d713c07ad
sample402	12345678	25d55ad283aa400af464c76d713c07ad
sample403	12345678	25d55ad283aa400af464c76d713c07ad
sample404	12345678	25d55ad283aa400af464c76d713c07ad
sample405	12345678	25d55ad283aa400af464c76d713c07ad
sample406	12345678	25d55ad283aa400af464c76d713c07ad
sample407	12345678	25d55ad283aa400af464c76d713c07ad
sample408	12345678	25d55ad283aa400af464c76d713c07ad
sample409	12345678	25d55ad283aa400af464c76d713c07ad
sample410	12345678	25d55ad283aa400af464c76d713c07ad
sample411	12345678	25d55ad283aa400af464c76d713c07ad
sample412	12345678	25d55ad283aa400af464c76d713c07ad
sample413	12345678	25d55ad283aa400af464c76d713c07ad
sample414	12345678	25d55ad283aa400af464c76d713c07ad
sample415	12345678	25d55ad283aa400af464c76d713c07ad
sample416	12345678	25d55ad283aa400af464c76d713c07ad
sample417	12345678	25d55ad283aa400af464c76d713c07ad
sample418	12345678	25d55ad283aa400af464c76d713c07ad
sample419	12345678	25d55ad283aa400af464c76d713c07ad
sample420	12345678	25d55ad283aa400af464c76d713c07ad
sample421	12345678	25d55ad283aa400af464c76d713c07ad
sample422	12345678	25d55ad283aa400af464c76d713c07ad
sample423	12345678	25d55ad283aa400af464c76d713c07ad
sample424	12345678	25d55ad283aa400af464c76d713c07ad
sample425	12345678	25d55ad283aa400af464c76d713c07ad
sample426	12345678	25d55ad283aa400af464c76d713c07ad
sample427	12345678	25d55ad283aa400af464c76d713c07ad
sample428	12345678	25d55ad283aa400af464c76d713c07ad
sample429	12345678	25d55ad283aa400af464c76d713c07ad
sample430	12345678	25d55ad283aa400af464c76d713c07ad
sample431	12345678	25d55ad283aa400af464c76d713c07ad
sample432	12345678	25d55ad283aa400af464c76d713c07ad
sample433	12345678	25d55ad283aa400af464c76d713c07ad
sample434	12345678	25d55ad283aa400af464c76d713c07ad
sample435	12345678	25d55ad283aa400af464c76d713c07ad
sample436	12345678	25d55ad283aa400af464c76d713c07ad
sample437	12345678	25d55ad283aa400af464c76d713c07ad
sample438	12345678	25d55ad283aa400af464c76d713c07ad
sample439	12345678	25d55ad283aa400af464c76d713c07ad
sample440	12345678	25d55ad283aa400af464c76d713c07ad
sample441	12345678	25d55ad283aa400af464c76d713c07ad
sample442	12345678	25d55ad283aa400af464c76d713c07ad
sample443	12345678	25d55ad283aa400af464c76d713c07ad
sample444	12345678	25d55ad283aa400af464c76d713c07ad
sample445	12345678	25d55ad283aa400af464c76d713c07ad
sample446	12345678	25d55ad283aa400af464c76d713c07ad
sample447	12345678	25d55ad283aa400af464c76d713c07ad
sample448	12345678	25d55ad283aa400af464c76d713c07ad
sample449	12345678	25d55ad283aa400af464c76d713c07ad
sample450	12345678	25d55ad283aa400af464c76d713c07ad
sample451	12345678	25d55ad283aa400af464c76d713c07ad
sample452	12345678	25d55ad283aa400af464c76d713c07ad
sample453	12345678	25d55ad283aa400af464c76d713c07ad
sample454	12345678	25d55ad283aa400af464c76d713c07ad
sample455	12345678	25d55ad283aa400af464c76d713c07ad
sample456	12345678	25d55ad283aa400af464c76d713c07ad
sample457	12345678	25d55ad283aa400af464c76d713c07ad
sample458	12345678	25d55ad283aa400af464c76d713c07ad
sample459	12345678	25d55ad283aa400af464c76d713c07ad
sample460	12345678	25d55ad283aa400af464c76d713c07ad
sample461	12345678	25d55ad283aa400af464c76d713c07ad
sample462	12345678	25d55ad283aa400af464c76d713c07ad
sample463	12345678	25d55ad283aa400af464c76d713c07ad
sample464	12345678	25d55ad283aa400af464c76d713c07ad
sample465	12345678	25d55ad283aa400af464c76d713c07ad
sample466	12345678	25d55ad283aa400af464c76d713c07ad
sample467	12345678	25d55ad283aa400af464c76d713c07ad
sample468	12345678	25d55ad283aa400af464c76d713c07ad
sample469	12345678	25d55ad283aa400af464c76d713c07ad
sample470	12345678	25d55ad283aa400af464c76d713c07ad
sample471	12345678	25d55ad283aa400af464c76d713c07ad
sample472	12345678	25d55ad283aa400af464c76d713c07ad
sample473	12345678	25d55ad283aa400af464c76d713c07ad
sample474	12345678	25d55ad283aa400af464c76d713c07ad
sample475	12345678	25d55ad283aa400af464c76d713c07ad
sample476	12345678	25d55ad283aa400af464c76d713c07ad
sample477	12345678	25d55ad283aa400af464c76d713c07ad
sample478	12345678	25d55ad283aa400af464c76d713c07ad
sample479	12345678	25d55ad283aa400af464c76d713c07ad
sample480	12345678	25d55ad283aa400af464c76d713c07ad
sample481	12345678	25d55ad283aa400af464c76d713c07ad
sample482	12345678	25d55ad283aa400af464c76d713c07ad
sample483	12345678	25d55ad283aa400af464c76d713c07ad
sample484	12345678	25d55ad283aa400af464c76d713c07ad
sample485	12345678	25d55ad283aa400af464c76d713c07ad
sample486	12345678	25d55ad283aa400af464c76d713c07ad
sample487	12345678	25d55ad283aa400af464c76d713c07ad
sample488	12345678	25d55ad283aa400af464c76d713c07ad
sample489	12345678	25d55ad283aa400af464c76d713c07ad
sample490	12345678	25d55ad283aa400af464c76d713c07ad
sample491	12345678	25d55ad283aa400af464c76d713c07ad
sample492	12345678	25d55ad283aa400af464c76d713c07ad
sample493	12345678	25d55ad283aa400af464c76d713c07ad
sample494	12345678	25d55ad283aa400af464c76d713c07ad
sample495	12345678	25d55ad283aa400af464c76d713c07ad
sample496	12345678	25d55ad283aa400af464c76d713c07ad
sample497	12345678	25d55ad283aa400af464c76d713c07ad
sample498	12345678	25d55ad283aa400af464c76d713c07ad
sample499	12345678	25d55ad283aa400af464c76d713c07ad
sample500	12345678	25d55ad283aa400af464c76d713c07ad
sample501	12345678	25d55ad283aa400af464c76d713c07ad
sample502	12345678	25d55ad283aa400af464c76d713c07ad
sample503	12345678	25d55ad283aa400af464c76d713c07ad
sample504	12345678	25d55ad283aa400af464c76d713c07ad
sample505	12345678	25d55ad283aa400af464c76d713c07ad
sample506	12345678	25d55ad283aa400af464c76d713c07ad
sample507	12345678	25d55ad283aa400af464c76d713c07ad
sample508	12345678	25d55ad283aa400af464c76d713c07ad
sample509	12345678	25d55ad283aa400af464c76d713c07ad
sample510	12345678	25d55ad283aa400af464c76d713c07ad
sample511	12345678	25d55ad283aa400af464c76d713c07ad
sample512	12345678	25d55ad283aa400af464c76d713c07ad
sample513	12345678	25d55ad283aa400af464c76d713c07ad
sample514	12345678	25d55ad283aa400af464c76d713c07ad
sample515	12345678	25d55ad283aa400af464c76d713c07ad
sample516	12345678	25d55ad283aa400af464c76d713c07ad
sample517	12345678	25d55ad283aa400af464c76d713c07ad
sample518	12345678	25d55ad283aa400af464c76d713c07ad
sample519	12345678	25d55ad283aa400af464c76d713c07ad
sample520	12345678	25d55ad283aa400af464c76d713c07ad
sample521	12345678	25d55ad283aa400af464c76d713c07ad
sample522	12345678	25d55ad283aa400af464c76d713c07ad
sample523	12345678	25d55ad283aa400af464c76d713c07ad
sample524	12345678	25d55ad283aa400af464c76d713c07ad
sample525	12345678	25d55ad283aa400af464c76d713c07ad
sample526	12345678	25d55ad283aa400af464c76d713c07ad
sample527	12345678	25d55ad283aa400af464c76d713c07ad
sample528	12345678	25d55ad283aa400af464c76d713c07ad
sample529	12345678	25d55ad283aa400af464c76d713c07ad
sample530	12345678	25d55ad283aa400af464c76d713c07ad
sample531	12345678	25d55ad283aa400af464c76d713c07ad
sample532	12345678	25d55ad283aa400af464c76d713c07ad
sample533	12345678	25d55ad283aa400af464c76d713c07ad
sample534	12345678	25d55ad283aa400af464c76d713c07ad
sample535	12345678	25d55ad283aa400af464c76d713c07ad
sample536	12345678	25d55ad283aa400af464c76d713c07ad
sample537	12345678	25d55ad283aa400af464c76d713c07ad
sample538	12345678	25d55ad283aa400af464c76d713c07ad
sample539	12345678	25d55ad283aa400af464c76d713c07ad
sample540	12345678	25d55ad283aa400af464c76d713c07ad
sample541	12345678	25d55ad283aa400af464c76d713c07ad
sample542	12345678	25d55ad283aa400af464c76d713c07ad
sample543	12345678	25d55ad283aa400af464c76d713c07ad
sample544	12345678	25d55ad283aa400af464c76d713c07ad
sample545	12345678	25d55ad283aa400af464c76d713c07ad
sample546	12345678	25d55ad283aa400af464c76d713c07ad
sample547	12345678	25d55ad283aa400af464c76d713c07ad
sample548	12345678	25d55ad283aa400af464c76d713c07ad
sample549	12345678	25d55ad283aa400af464c76d713c07ad
sample550	12345678	25d55ad283aa400af464c76d713c07ad
